﻿<?xml version="1.0" encoding="utf-8"?>
<manifest identifier="_6VPXOVb2Ase_course_id" version="1.0" xmlns="http://www.imsproject.org/xsd/imscp_rootv1p1p2" xmlns:adlcp="http://www.adlnet.org/xsd/adlcp_rootv1p2" xmlns:xsi="http://www.w3.org/2001/XMLSchema-instance" xsi:schemaLocation="http://www.imsproject.org/xsd/imscp_rootv1p1p2 imscp_rootv1p1p2.xsd http://www.imsglobal.org/xsd/imsmd_rootv1p2p1 imsmd_rootv1p2p1.xsd http://www.adlnet.org/xsd/adlcp_rootv1p2 adlcp_rootv1p2.xsd">
  <metadata>
    <schema>ADL SCORM</schema>
    <schemaversion>1.2</schemaversion>
    <lom xmlns="http://www.imsglobal.org/xsd/imsmd_rootv1p2p1" xmlns:xsi="http://www.w3.org/2001/XMLSchema-instance" xsi:schemaLocation="http://www.imsglobal.org/xsd/imsmd_rootv1p2p1 imsmd_rootv1p2p1.xsd">
      <general>
        <title>
          <langstring xml:lang="x-none">Assignment 2 - Zionext</langstring>
        </title>
      </general>
      <lifecycle>
        <version>
          <langstring xml:lang="x-none">1</langstring>
        </version>
        <status>
          <source>
            <langstring xml:lang="x-none">LOMv1.0</langstring>
          </source>
          <value>
            <langstring xml:lang="x-none">Final</langstring>
          </value>
        </status>
      </lifecycle>
      <metametadata>
        <metadatascheme>ADL SCORM 1.2</metadatascheme>
      </metametadata>
      <educational>
        <typicallearningtime>
          <datetime>PT0H0M0S</datetime>
        </typicallearningtime>
      </educational>
      <rights>
        <cost>
          <source>
            <langstring xml:lang="x-none">LOMv1.0</langstring>
          </source>
          <value>
            <langstring xml:lang="x-none">yes</langstring>
          </value>
        </cost>
        <copyrightandotherrestrictions>
          <source>
            <langstring xml:lang="x-none">LOMv1.0</langstring>
          </source>
          <value>
            <langstring xml:lang="x-none">yes</langstring>
          </value>
        </copyrightandotherrestrictions>
      </rights>
    </lom>
  </metadata>
  <organizations default="Assignment_2_-_Zionext_ORG">
    <organization identifier="Assignment_2_-_Zionext_ORG">
      <title>Assignment 2 - Zionext</title>
      <item identifier="Safety_Stock_Calculation_SCO" isvisible="true" identifierref="__6VPXOVb2Ase_course_id_RES">
        <title>Assignment 2 - Zionext</title>
      </item>
    </organization>
  </organizations>
  <resources>
    <resource identifier="__6VPXOVb2Ase_course_id_RES" type="webcontent" href="launcher.html" adlcp:scormtype="sco">
      <file href="story_content/thumbnail.jpg" />
      <file href="story_content/Slide5mdFe3XUMbP.swf" />
      <file href="story_content/6k3PYJ7Nv4k_80_DX512_DY512.jpg" />
      <file href="mobile/6k3PYJ7Nv4k_80_DX512_DY512_CX256_CY78.jpg" />
      <file href="story_content/txt__default_5ZSHET9F7BV.swf" />
      <file href="story_content/5YthbK3X2oJ_80_DX1446_DY1446.jpg" />
      <file href="mobile/5YthbK3X2oJ_80_DX1446_DY1446_CX910_CY607.jpg" />
      <file href="story_content/6GvMCHkB627_80_DX190_DY190.swf" />
      <file href="mobile/6GvMCHkB627_80_DX190_DY190_CX141_CY141.png" />
      <file href="story_content/5bYQmyxCcUG_80_DX224_DY224.swf" />
      <file href="mobile/5bYQmyxCcUG_80_DX224_DY224_CX168_CY168.png" />
      <file href="story_content/6qhHd5pzROl_80_P_0_273_1200_673_DX696_DY696.swf" />
      <file href="mobile/6qhHd5pzROl_80_P_0_273_1200_673_DX696_DY696_CX520_CY292.png" />
      <file href="story_content/6lNUKX5x7Bu_80_DX112_DY112.swf" />
      <file href="mobile/6lNUKX5x7Bu_80_DX112_DY112_CX84_CY84.png" />
      <file href="story_content/6VOMoL19hyv_80_DX126_DY126.swf" />
      <file href="mobile/6VOMoL19hyv_80_DX126_DY126_CX93_CY40.png" />
      <file href="story_content/6rlfZHr4xwn_80_DX60_DY60.swf" />
      <file href="mobile/6rlfZHr4xwn_80_DX60_DY60_CX22_CY22.png" />
      <file href="mobile/6rlfZHr4xwn_80_DX60_DY60_CX45_CY45.png" />
      <file href="mobile/6rlfZHr4xwn_80_DX60_DY60_CX33_CY33.png" />
      <file href="story_content/6hGessNdDF3_80_P_145_252_95_87_DX932_DY932.swf" />
      <file href="mobile/6hGessNdDF3_80_P_145_252_95_87_DX932_DY932_CX95_CY87.png" />
      <file href="story_content/6hGessNdDF3_80_P_19_163_123_74_DX932_DY932.swf" />
      <file href="mobile/6hGessNdDF3_80_P_19_163_123_74_DX932_DY932_CX123_CY74.png" />
      <file href="story_content/6hGessNdDF3_80_P_403_32_85_93_DX932_DY932.swf" />
      <file href="mobile/6hGessNdDF3_80_P_403_32_85_93_DX932_DY932_CX67_CY73.png" />
      <file href="story_content/62q7KEdJ8m1_80_P_153_13_100_71_DX424_DY424.swf" />
      <file href="mobile/62q7KEdJ8m1_80_P_153_13_100_71_DX424_DY424_CX60_CY43.png" />
      <file href="story_content/62q7KEdJ8m1_80_P_142_257_142_88_DX424_DY424.swf" />
      <file href="mobile/62q7KEdJ8m1_80_P_142_257_142_88_DX424_DY424_CX61_CY38.png" />
      <file href="story_content/6lNGmii0SRa_80_DX100_DY100.swf" />
      <file href="mobile/6lNGmii0SRa_80_DX100_DY100_CX75_CY75.png" />
      <file href="mobile/6hGessNdDF3_80_P_145_252_95_87_DX932_DY932_CX75_CY69.png" />
      <file href="mobile/6hGessNdDF3_80_P_403_32_85_93_DX932_DY932_CX40_CY44.png" />
      <file href="mobile/62q7KEdJ8m1_80_P_153_13_100_71_DX424_DY424_CX36_CY26.png" />
      <file href="mobile/62q7KEdJ8m1_80_P_142_257_142_88_DX424_DY424_CX37_CY23.png" />
      <file href="mobile/6hGessNdDF3_80_P_19_163_123_74_DX932_DY932_CX85_CY51.png" />
      <file href="story_content/6XHDZOhwSpo_80_DX184_DY184.swf" />
      <file href="mobile/6XHDZOhwSpo_80_DX184_DY184_CX138_CY138.png" />
      <file href="story_content/txt__default_6qWh2NDGhbP.swf" />
      <file href="story_content/6EaVDyasaAC_80_DX142_DY142.swf" />
      <file href="mobile/6EaVDyasaAC_80_DX142_DY142_CX106_CY106.png" />
      <file href="mobile/6XHDZOhwSpo_80_DX184_DY184_CX99_CY99.png" />
      <file href="mobile/5YthbK3X2oJ_80_DX1446_DY1446_CX917_CY612.jpg" />
      <file href="mobile/6lNGmii0SRa_80_DX100_DY100_CX72_CY72.png" />
      <file href="story_content/68xdfDDa2Hu_80_DX100_DY100.swf" />
      <file href="mobile/68xdfDDa2Hu_80_DX100_DY100_CX75_CY75.png" />
      <file href="story_content/_glow.swf" />
      <file href="meta.xml" />
      <file href="story_content/FontFactory.swf" />
      <file href="story_content/fonts.swf" />
      <file href="story_content/frame.xml" />
      <file href="story_content/user.js" />
      <file href="mobile/Slide5mdFe3XUMbP.jpg" />
      <file href="mobile/txt__default_5ZSHET9F7BV.png" />
      <file href="mobile/txt__default_6qWh2NDGhbP.png" />
      <file href="story.swf" />
      <file href="story_content/frame.swf" />
      <file href="story_content/slides/6dlZ21dC76M.swf" />
      <file href="story_content/slides/6MeD6f8oZ0v.swf" />
      <file href="story_content/slides/5YXnsbAvHCD.swf" />
      <file href="story_content/slides/5k7bfmujdCe.swf" />
      <file href="story_content/slides/6UKqQlRSz8t.swf" />
      <file href="story_content/slides/64Y01SAQt2h.swf" />
      <file href="story_content/slides/6aO6VeaWPat.swf" />
      <file href="story_content/slides/5eT2scdQf26.swf" />
      <file href="story_content/data.swf" />
      <file href="html5/data/css/output.min.css" />
      <file href="html5/data/js/5eT2scdQf26.js" />
      <file href="html5/data/js/5k7bfmujdCe.js" />
      <file href="html5/data/js/5YXnsbAvHCD.js" />
      <file href="html5/data/js/64Y01SAQt2h.js" />
      <file href="html5/data/js/6aO6VeaWPat.js" />
      <file href="html5/data/js/6dlZ21dC76M.js" />
      <file href="html5/data/js/6MeD6f8oZ0v.js" />
      <file href="html5/data/js/6UKqQlRSz8t.js" />
      <file href="html5/data/js/data.js" />
      <file href="html5/data/js/frame.js" />
      <file href="html5/data/js/paths.js" />
      <file href="html5/lib/scripts/app.min.js" />
      <file href="html5/lib/stylesheets/main.min.css" />
      <file href="html5/lib/stylesheets/mobile-fonts/open-sans-bold.woff" />
      <file href="html5/lib/stylesheets/mobile-fonts/open-sans-light.woff" />
      <file href="html5/lib/stylesheets/mobile-fonts/open-sans-regular.woff" />
      <file href="story.html" />
      <file href="story_flash.html" />
      <file href="story_html5.html" />
      <file href="analytics-frame.html" />
      <file href="story_content/blank.html" />
      <file href="launcher.html" />
      <file href="story_content/orange_launch_normal.gif" />
      <file href="story_content/story.js" />
      <file href="index_lms.html" />
      <file href="index_lms_html5.html" />
      <file href="index_lms_flash.html" />
      <file href="lms/AICCComm.html" />
      <file href="lms/AICCFunctions.js" />
      <file href="lms/API.js" />
      <file href="lms/APIConstants.js" />
      <file href="lms/blank.html" />
      <file href="lms/browsersniff.js" />
      <file href="lms/Configuration.js" />
      <file href="lms/goodbye.html" />
      <file href="lms/lms.js" />
      <file href="lms/LMSAPI.js" />
      <file href="lms/NONEFunctions.js" />
      <file href="lms/SCORM2004Functions.js" />
      <file href="lms/SCORMFunctions.js" />
      <file href="lms/UtilityFunctions.js" />
    </resource>
  </resources>
</manifest>